crop,year,temp_mean_c,precipitation_mm,humidity_pct,solar_radiation,wind_speed_ms,crop_SOYBEANS,crop_WHEAT,state_INDIANA,state_IOWA,state_KANSAS,state_MINNESOTA,state_MISSOURI,state_NEBRASKA,state_OHIO
CORN,2016.4025974025974,-0.44462294685148246,0.28973009717512477,0.22012552225422893,0.07750610354699672,-0.01385531191607026,41.04333689597337,16.842472791679146,0.021643934314553265,-0.08533760891997785,-0.059651293694065084,0.004074409379755805,0.007654797482698757,0.03472958580672184,0.01891423334728764
SOYBEANS,2016.4929577464789,-0.6831202187776857,-0.1487567134839956,-0.016305985001422954,-0.11504942238947165,0.022030844452465444,-51.23426182198615,8.367703811536265,0.017831089114192792,0.0746341878738878,-0.1440200440013844,-1.1971368301408442e-05,0.00016304137794024494,0.014938191350803858,-0.04214740100195513
WHEAT,2016.7115384615386,-1.6104759456818982,-0.30468029700115734,0.004406668725523934,-0.09440818229334977,-0.4802059314798498,22.718623581095965,-55.04900095776652,0.01879712486045841,0.1944995771750337,-0.6090780652922652,-0.0018511604005870307,-0.002033746429802773,0.07000004681845368,-0.013233860022839062
