crop,crop_SOYBEANS,crop_WHEAT,precipitation_mm,state_KANSAS,temp_mean_c,year
CORN,41.04333689597337,16.842472791679146,0.28973009717512477,,0.44462294685148246,2016.4025974025974
SOYBEANS,51.23426182198615,8.367703811536265,0.1487567134839956,,0.6831202187776857,2016.4929577464789
WHEAT,22.718623581095965,55.04900095776652,,0.6090780652922652,1.6104759456818982,2016.7115384615386
